Numéro de l'exécution,Numéro de l'itération,ID Solution Dominante,Cout de coupe intra,Cout de Coupe inter,Cout de coupe Normalisé,Fitness,Nbr contraintes violées,Nombre de cluster,Genotype,Phenotype 
10,1,5,70,334,4514,0.01,0,11,1 1 1 1 1 1 1 1 1 1 1 1 1 1 1 1 0 0 1 1 1 1 1 1 1 1 1 1 1 1 1 1 1 1 1 0 1 1 1 1 1 1 1 1 1 0 1 1 1 1 1 1 1 ,0 1 2 3 4 5 2 7 5 2 10 11 12 13 5 
10,1,88,98,306,4542,0.01,0,9,1 1 1 1 1 1 1 1 0 1 1 0 1 1 1 1 1 1 1 1 1 0 1 1 1 1 1 1 1 1 1 1 1 1 1 0 1 0 1 1 1 1 1 1 1 1 1 0 1 1 1 1 1 ,0 1 2 1 1 5 6 7 6 1 10 11 12 1 5 
10,2,73,99,305,4543,0.01,0,9,1 1 1 1 1 1 0 1 1 1 1 1 1 1 1 1 1 1 0 1 1 1 1 1 1 1 1 1 1 1 1 1 1 1 1 0 0 1 1 1 1 1 1 1 1 1 0 1 1 1 0 1 1 ,0 1 1 3 4 5 6 6 8 1 10 1 1 13 5 
10,3,92,113,291,4557,0.01,0,9,1 1 1 1 1 1 1 1 0 1 1 0 1 1 1 1 1 1 1 1 1 0 1 1 1 1 1 1 1 1 0 1 1 1 1 0 1 1 1 1 1 1 1 1 1 1 0 1 1 1 1 1 1 ,0 1 2 1 1 5 5 7 8 1 10 11 1 13 5 
10,3,92,113,291,4557,0.01,0,9,1 1 1 1 1 1 1 1 0 1 1 0 1 1 1 1 1 1 1 1 1 0 1 1 1 1 1 1 1 1 0 1 1 1 1 0 1 1 1 1 1 1 1 1 1 1 0 1 1 1 1 1 1 ,0 1 2 1 1 5 5 7 8 1 10 11 1 13 5 
10,5,39,124,280,4568,0.01,0,8,1 1 0 1 1 0 1 1 1 1 1 0 1 1 1 1 1 1 1 1 1 0 1 1 1 1 1 1 1 1 1 1 1 1 1 0 1 0 1 1 1 1 1 1 1 1 1 0 1 1 1 1 1 ,0 1 2 3 3 0 0 7 0 1 10 11 12 1 0 
10,5,39,124,280,4568,0.01,0,8,1 1 0 1 1 0 1 1 1 1 1 0 1 1 1 1 1 1 1 1 1 0 1 1 1 1 1 1 1 1 1 1 1 1 1 0 1 0 1 1 1 1 1 1 1 1 1 0 1 1 1 1 1 ,0 1 2 3 3 0 0 7 0 1 10 11 12 1 0 
10,7,22,130,274,4574,0.01,0,8,1 1 1 1 1 1 0 1 1 1 1 0 1 1 1 1 1 1 1 1 1 0 1 1 1 1 1 1 1 1 0 1 1 1 1 0 1 0 1 1 1 1 1 1 1 1 1 0 1 1 1 1 1 ,0 1 1 3 3 5 5 7 5 1 10 11 12 1 5 
10,7,22,130,274,4574,0.01,0,8,1 1 1 1 1 1 0 1 1 1 1 0 1 1 1 1 1 1 1 1 1 0 1 1 1 1 1 1 1 1 0 1 1 1 1 0 1 0 1 1 1 1 1 1 1 1 1 0 1 1 1 1 1 ,0 1 1 3 3 5 5 7 5 1 10 11 12 1 5 
10,7,22,130,274,4574,0.01,0,8,1 1 1 1 1 1 0 1 1 1 1 0 1 1 1 1 1 1 1 1 1 0 1 1 1 1 1 1 1 1 0 1 1 1 1 0 1 0 1 1 1 1 1 1 1 1 1 0 1 1 1 1 1 ,0 1 1 3 3 5 5 7 5 1 10 11 12 1 5 
10,7,22,130,274,4574,0.01,0,8,1 1 1 1 1 1 0 1 1 1 1 0 1 1 1 1 1 1 1 1 1 0 1 1 1 1 1 1 1 1 0 1 1 1 1 0 1 0 1 1 1 1 1 1 1 1 1 0 1 1 1 1 1 ,0 1 1 3 3 5 5 7 5 1 10 11 12 1 5 
10,1,33,148,256,4592,0.01,0,7,1 1 0 1 1 0 1 1 1 1 1 0 1 1 0 1 1 0 1 1 1 0 1 1 1 1 1 1 1 1 0 1 0 1 1 0 1 0 1 1 0 1 1 1 1 0 1 0 1 1 1 1 1 ,0 1 1 3 3 0 0 7 0 1 10 11 12 1 0 
10,1,33,148,256,4592,0.01,0,7,1 1 0 1 1 0 1 1 1 1 1 0 1 1 0 1 1 0 1 1 1 0 1 1 1 1 1 1 1 1 0 1 0 1 1 0 1 0 1 1 0 1 1 1 1 0 1 0 1 1 1 1 1 ,0 1 1 3 3 0 0 7 0 1 10 11 12 1 0 
10,1,33,148,256,4592,0.01,0,7,1 1 0 1 1 0 1 1 1 1 1 0 1 1 0 1 1 0 1 1 1 0 1 1 1 1 1 1 1 1 0 1 0 1 1 0 1 0 1 1 0 1 1 1 1 0 1 0 1 1 1 1 1 ,0 1 1 3 3 0 0 7 0 1 10 11 12 1 0 
10,4,14,156,248,4600,0.01,0,7,1 1 0 1 1 1 1 1 0 1 1 0 1 1 1 1 1 1 1 1 1 0 1 1 1 1 1 1 1 1 0 1 1 1 1 0 1 0 1 1 1 1 1 1 1 0 1 0 1 1 1 1 1 ,0 1 2 1 1 0 0 7 0 1 10 11 12 1 0 
10,4,14,156,248,4600,0.01,0,7,1 1 0 1 1 1 1 1 0 1 1 0 1 1 1 1 1 1 1 1 1 0 1 1 1 1 1 1 1 1 0 1 1 1 1 0 1 0 1 1 1 1 1 1 1 0 1 0 1 1 1 1 1 ,0 1 2 1 1 0 0 7 0 1 10 11 12 1 0 
10,6,16,165,239,4609,0.01,0,6,1 1 0 1 1 0 1 1 1 1 1 0 1 1 0 1 1 0 1 1 1 0 1 1 1 1 1 1 1 1 0 1 0 1 1 0 1 0 1 1 0 1 1 1 1 1 0 1 1 1 1 1 1 ,0 1 1 3 3 0 0 7 0 1 10 11 1 1 0 
10,6,16,165,239,4609,0.01,0,6,1 1 0 1 1 0 1 1 1 1 1 0 1 1 0 1 1 0 1 1 1 0 1 1 1 1 1 1 1 1 0 1 0 1 1 0 1 0 1 1 0 1 1 1 1 1 0 1 1 1 1 1 1 ,0 1 1 3 3 0 0 7 0 1 10 11 1 1 0 
10,6,16,165,239,4609,0.01,0,6,1 1 0 1 1 0 1 1 1 1 1 0 1 1 0 1 1 0 1 1 1 0 1 1 1 1 1 1 1 1 0 1 0 1 1 0 1 0 1 1 0 1 1 1 1 1 0 1 1 1 1 1 1 ,0 1 1 3 3 0 0 7 0 1 10 11 1 1 0 
10,6,16,165,239,4609,0.01,0,6,1 1 0 1 1 0 1 1 1 1 1 0 1 1 0 1 1 0 1 1 1 0 1 1 1 1 1 1 1 1 0 1 0 1 1 0 1 0 1 1 0 1 1 1 1 1 0 1 1 1 1 1 1 ,0 1 1 3 3 0 0 7 0 1 10 11 1 1 0 
10,6,16,165,239,4609,0.01,0,6,1 1 0 1 1 0 1 1 1 1 1 0 1 1 0 1 1 0 1 1 1 0 1 1 1 1 1 1 1 1 0 1 0 1 1 0 1 0 1 1 0 1 1 1 1 1 0 1 1 1 1 1 1 ,0 1 1 3 3 0 0 7 0 1 10 11 1 1 0 
10,0,16,165,239,4609,0.01,0,6,1 1 0 1 1 0 1 1 1 1 1 0 1 1 0 1 1 0 1 1 1 0 1 1 1 1 1 1 1 1 0 1 0 1 1 0 1 0 1 1 0 1 1 1 1 1 0 1 1 1 1 1 1 ,0 1 1 3 3 0 0 7 0 1 10 11 1 1 0 
10,0,16,165,239,4609,0.01,0,6,1 1 0 1 1 0 1 1 1 1 1 0 1 1 0 1 1 0 1 1 1 0 1 1 1 1 1 1 1 1 0 1 0 1 1 0 1 0 1 1 0 1 1 1 1 1 0 1 1 1 1 1 1 ,0 1 1 3 3 0 0 7 0 1 10 11 1 1 0 
10,0,16,165,239,4609,0.01,0,6,1 1 0 1 1 0 1 1 1 1 1 0 1 1 0 1 1 0 1 1 1 0 1 1 1 1 1 1 1 1 0 1 0 1 1 0 1 0 1 1 0 1 1 1 1 1 0 1 1 1 1 1 1 ,0 1 1 3 3 0 0 7 0 1 10 11 1 1 0 
10,0,16,165,239,4609,0.01,0,6,1 1 0 1 1 0 1 1 1 1 1 0 1 1 0 1 1 0 1 1 1 0 1 1 1 1 1 1 1 1 0 1 0 1 1 0 1 0 1 1 0 1 1 1 1 1 0 1 1 1 1 1 1 ,0 1 1 3 3 0 0 7 0 1 10 11 1 1 0 
10,0,16,165,239,4609,0.01,0,6,1 1 0 1 1 0 1 1 1 1 1 0 1 1 0 1 1 0 1 1 1 0 1 1 1 1 1 1 1 1 0 1 0 1 1 0 1 0 1 1 0 1 1 1 1 1 0 1 1 1 1 1 1 ,0 1 1 3 3 0 0 7 0 1 10 11 1 1 0 
10,6,96,170,234,4614,0.01,0,6,1 1 0 1 1 1 1 1 0 1 1 0 1 1 1 1 1 1 1 1 1 0 1 1 1 1 1 1 0 1 0 1 1 1 1 0 1 0 1 1 1 1 1 1 1 0 1 1 1 0 1 1 1 ,0 1 2 1 1 0 0 7 0 1 10 11 10 1 0 
10,6,96,170,234,4614,0.01,0,6,1 1 0 1 1 1 1 1 0 1 1 0 1 1 1 1 1 1 1 1 1 0 1 1 1 1 1 1 0 1 0 1 1 1 1 0 1 0 1 1 1 1 1 1 1 0 1 1 1 0 1 1 1 ,0 1 2 1 1 0 0 7 0 1 10 11 10 1 0 
10,6,96,170,234,4614,0.01,0,6,1 1 0 1 1 1 1 1 0 1 1 0 1 1 1 1 1 1 1 1 1 0 1 1 1 1 1 1 0 1 0 1 1 1 1 0 1 0 1 1 1 1 1 1 1 0 1 1 1 0 1 1 1 ,0 1 2 1 1 0 0 7 0 1 10 11 10 1 0 
10,6,96,170,234,4614,0.01,0,6,1 1 0 1 1 1 1 1 0 1 1 0 1 1 1 1 1 1 1 1 1 0 1 1 1 1 1 1 0 1 0 1 1 1 1 0 1 0 1 1 1 1 1 1 1 0 1 1 1 0 1 1 1 ,0 1 2 1 1 0 0 7 0 1 10 11 10 1 0 
10,6,96,170,234,4614,0.01,0,6,1 1 0 1 1 1 1 1 0 1 1 0 1 1 1 1 1 1 1 1 1 0 1 1 1 1 1 1 0 1 0 1 1 1 1 0 1 0 1 1 1 1 1 1 1 0 1 1 1 0 1 1 1 ,0 1 2 1 1 0 0 7 0 1 10 11 10 1 0 
10,0,96,170,234,4614,0.01,0,6,1 1 0 1 1 1 1 1 0 1 1 0 1 1 1 1 1 1 1 1 1 0 1 1 1 1 1 1 0 1 0 1 1 1 1 0 1 0 1 1 1 1 1 1 1 0 1 1 1 0 1 1 1 ,0 1 2 1 1 0 0 7 0 1 10 11 10 1 0 
10,0,96,170,234,4614,0.01,0,6,1 1 0 1 1 1 1 1 0 1 1 0 1 1 1 1 1 1 1 1 1 0 1 1 1 1 1 1 0 1 0 1 1 1 1 0 1 0 1 1 1 1 1 1 1 0 1 1 1 0 1 1 1 ,0 1 2 1 1 0 0 7 0 1 10 11 10 1 0 
10,0,96,170,234,4614,0.01,0,6,1 1 0 1 1 1 1 1 0 1 1 0 1 1 1 1 1 1 1 1 1 0 1 1 1 1 1 1 0 1 0 1 1 1 1 0 1 0 1 1 1 1 1 1 1 0 1 1 1 0 1 1 1 ,0 1 2 1 1 0 0 7 0 1 10 11 10 1 0 
10,0,96,170,234,4614,0.01,0,6,1 1 0 1 1 1 1 1 0 1 1 0 1 1 1 1 1 1 1 1 1 0 1 1 1 1 1 1 0 1 0 1 1 1 1 0 1 0 1 1 1 1 1 1 1 0 1 1 1 0 1 1 1 ,0 1 2 1 1 0 0 7 0 1 10 11 10 1 0 
10,5,31,176,228,4620,0.01,0,4,1 1 0 1 1 0 0 1 1 1 1 0 1 0 0 1 1 0 1 0 1 0 1 1 1 1 0 1 1 1 1 1 1 1 1 0 1 0 1 1 1 1 0 1 1 1 1 1 1 1 1 0 1 ,0 1 1 3 3 0 0 7 0 1 3 7 1 1 0 
10,5,31,176,228,4620,0.01,0,4,1 1 0 1 1 0 0 1 1 1 1 0 1 0 0 1 1 0 1 0 1 0 1 1 1 1 0 1 1 1 1 1 1 1 1 0 1 0 1 1 1 1 0 1 1 1 1 1 1 1 1 0 1 ,0 1 1 3 3 0 0 7 0 1 3 7 1 1 0 
10,5,31,176,228,4620,0.01,0,4,1 1 0 1 1 0 0 1 1 1 1 0 1 0 0 1 1 0 1 0 1 0 1 1 1 1 0 1 1 1 1 1 1 1 1 0 1 0 1 1 1 1 0 1 1 1 1 1 1 1 1 0 1 ,0 1 1 3 3 0 0 7 0 1 3 7 1 1 0 
10,5,31,176,228,4620,0.01,0,4,1 1 0 1 1 0 0 1 1 1 1 0 1 0 0 1 1 0 1 0 1 0 1 1 1 1 0 1 1 1 1 1 1 1 1 0 1 0 1 1 1 1 0 1 1 1 1 1 1 1 1 0 1 ,0 1 1 3 3 0 0 7 0 1 3 7 1 1 0 
10,5,31,176,228,4620,0.01,0,4,1 1 0 1 1 0 0 1 1 1 1 0 1 0 0 1 1 0 1 0 1 0 1 1 1 1 0 1 1 1 1 1 1 1 1 0 1 0 1 1 1 1 0 1 1 1 1 1 1 1 1 0 1 ,0 1 1 3 3 0 0 7 0 1 3 7 1 1 0 
10,5,31,176,228,4620,0.01,0,4,1 1 0 1 1 0 0 1 1 1 1 0 1 0 0 1 1 0 1 0 1 0 1 1 1 1 0 1 1 1 1 1 1 1 1 0 1 0 1 1 1 1 0 1 1 1 1 1 1 1 1 0 1 ,0 1 1 3 3 0 0 7 0 1 3 7 1 1 0 
10,0,31,176,228,4620,0.01,0,4,1 1 0 1 1 0 0 1 1 1 1 0 1 0 0 1 1 0 1 0 1 0 1 1 1 1 0 1 1 1 1 1 1 1 1 0 1 0 1 1 1 1 0 1 1 1 1 1 1 1 1 0 1 ,0 1 1 3 3 0 0 7 0 1 3 7 1 1 0 
10,0,31,176,228,4620,0.01,0,4,1 1 0 1 1 0 0 1 1 1 1 0 1 0 0 1 1 0 1 0 1 0 1 1 1 1 0 1 1 1 1 1 1 1 1 0 1 0 1 1 1 1 0 1 1 1 1 1 1 1 1 0 1 ,0 1 1 3 3 0 0 7 0 1 3 7 1 1 0 
10,0,31,176,228,4620,0.01,0,4,1 1 0 1 1 0 0 1 1 1 1 0 1 0 0 1 1 0 1 0 1 0 1 1 1 1 0 1 1 1 1 1 1 1 1 0 1 0 1 1 1 1 0 1 1 1 1 1 1 1 1 0 1 ,0 1 1 3 3 0 0 7 0 1 3 7 1 1 0 
10,0,31,176,228,4620,0.01,0,4,1 1 0 1 1 0 0 1 1 1 1 0 1 0 0 1 1 0 1 0 1 0 1 1 1 1 0 1 1 1 1 1 1 1 1 0 1 0 1 1 1 1 0 1 1 1 1 1 1 1 1 0 1 ,0 1 1 3 3 0 0 7 0 1 3 7 1 1 0 
10,0,31,176,228,4620,0.01,0,4,1 1 0 1 1 0 0 1 1 1 1 0 1 0 0 1 1 0 1 0 1 0 1 1 1 1 0 1 1 1 1 1 1 1 1 0 1 0 1 1 1 1 0 1 1 1 1 1 1 1 1 0 1 ,0 1 1 3 3 0 0 7 0 1 3 7 1 1 0 
10,0,31,176,228,4620,0.01,0,4,1 1 0 1 1 0 0 1 1 1 1 0 1 0 0 1 1 0 1 0 1 0 1 1 1 1 0 1 1 1 1 1 1 1 1 0 1 0 1 1 1 1 0 1 1 1 1 1 1 1 1 0 1 ,0 1 1 3 3 0 0 7 0 1 3 7 1 1 0 
10,0,31,176,228,4620,0.01,0,4,1 1 0 1 1 0 0 1 1 1 1 0 1 0 0 1 1 0 1 0 1 0 1 1 1 1 0 1 1 1 1 1 1 1 1 0 1 0 1 1 1 1 0 1 1 1 1 1 1 1 1 0 1 ,0 1 1 3 3 0 0 7 0 1 3 7 1 1 0 
10,0,31,176,228,4620,0.01,0,4,1 1 0 1 1 0 0 1 1 1 1 0 1 0 0 1 1 0 1 0 1 0 1 1 1 1 0 1 1 1 1 1 1 1 1 0 1 0 1 1 1 1 0 1 1 1 1 1 1 1 1 0 1 ,0 1 1 3 3 0 0 7 0 1 3 7 1 1 0 
10,0,31,176,228,4620,0.01,0,4,1 1 0 1 1 0 0 1 1 1 1 0 1 0 0 1 1 0 1 0 1 0 1 1 1 1 0 1 1 1 1 1 1 1 1 0 1 0 1 1 1 1 0 1 1 1 1 1 1 1 1 0 1 ,0 1 1 3 3 0 0 7 0 1 3 7 1 1 0 
10,10,85,186,218,4630,0.01,0,4,1 1 1 1 1 0 0 1 1 1 1 0 1 0 0 1 1 0 1 0 1 0 1 1 1 0 1 1 1 1 0 1 0 1 1 0 1 0 1 1 0 1 0 1 1 0 0 0 1 1 1 1 1 ,0 1 1 3 3 0 0 3 0 1 10 3 1 1 0 
10,0,85,186,218,4630,0.01,0,4,1 1 1 1 1 0 0 1 1 1 1 0 1 0 0 1 1 0 1 0 1 0 1 1 1 0 1 1 1 1 0 1 0 1 1 0 1 0 1 1 0 1 0 1 1 0 0 0 1 1 1 1 1 ,0 1 1 3 3 0 0 3 0 1 10 3 1 1 0 
10,0,85,186,218,4630,0.01,0,4,1 1 1 1 1 0 0 1 1 1 1 0 1 0 0 1 1 0 1 0 1 0 1 1 1 0 1 1 1 1 0 1 0 1 1 0 1 0 1 1 0 1 0 1 1 0 0 0 1 1 1 1 1 ,0 1 1 3 3 0 0 3 0 1 10 3 1 1 0 
10,0,85,186,218,4630,0.01,0,4,1 1 1 1 1 0 0 1 1 1 1 0 1 0 0 1 1 0 1 0 1 0 1 1 1 0 1 1 1 1 0 1 0 1 1 0 1 0 1 1 0 1 0 1 1 0 0 0 1 1 1 1 1 ,0 1 1 3 3 0 0 3 0 1 10 3 1 1 0 
10,0,85,186,218,4630,0.01,0,4,1 1 1 1 1 0 0 1 1 1 1 0 1 0 0 1 1 0 1 0 1 0 1 1 1 0 1 1 1 1 0 1 0 1 1 0 1 0 1 1 0 1 0 1 1 0 0 0 1 1 1 1 1 ,0 1 1 3 3 0 0 3 0 1 10 3 1 1 0 
10,0,85,186,218,4630,0.01,0,4,1 1 1 1 1 0 0 1 1 1 1 0 1 0 0 1 1 0 1 0 1 0 1 1 1 0 1 1 1 1 0 1 0 1 1 0 1 0 1 1 0 1 0 1 1 0 0 0 1 1 1 1 1 ,0 1 1 3 3 0 0 3 0 1 10 3 1 1 0 
10,0,85,186,218,4630,0.01,0,4,1 1 1 1 1 0 0 1 1 1 1 0 1 0 0 1 1 0 1 0 1 0 1 1 1 0 1 1 1 1 0 1 0 1 1 0 1 0 1 1 0 1 0 1 1 0 0 0 1 1 1 1 1 ,0 1 1 3 3 0 0 3 0 1 10 3 1 1 0 
10,0,85,186,218,4630,0.01,0,4,1 1 1 1 1 0 0 1 1 1 1 0 1 0 0 1 1 0 1 0 1 0 1 1 1 0 1 1 1 1 0 1 0 1 1 0 1 0 1 1 0 1 0 1 1 0 0 0 1 1 1 1 1 ,0 1 1 3 3 0 0 3 0 1 10 3 1 1 0 
10,0,85,186,218,4630,0.01,0,4,1 1 1 1 1 0 0 1 1 1 1 0 1 0 0 1 1 0 1 0 1 0 1 1 1 0 1 1 1 1 0 1 0 1 1 0 1 0 1 1 0 1 0 1 1 0 0 0 1 1 1 1 1 ,0 1 1 3 3 0 0 3 0 1 10 3 1 1 0 
10,0,85,186,218,4630,0.01,0,4,1 1 1 1 1 0 0 1 1 1 1 0 1 0 0 1 1 0 1 0 1 0 1 1 1 0 1 1 1 1 0 1 0 1 1 0 1 0 1 1 0 1 0 1 1 0 0 0 1 1 1 1 1 ,0 1 1 3 3 0 0 3 0 1 10 3 1 1 0 
10,0,85,186,218,4630,0.01,0,4,1 1 1 1 1 0 0 1 1 1 1 0 1 0 0 1 1 0 1 0 1 0 1 1 1 0 1 1 1 1 0 1 0 1 1 0 1 0 1 1 0 1 0 1 1 0 0 0 1 1 1 1 1 ,0 1 1 3 3 0 0 3 0 1 10 3 1 1 0 
10,0,85,186,218,4630,0.01,0,4,1 1 1 1 1 0 0 1 1 1 1 0 1 0 0 1 1 0 1 0 1 0 1 1 1 0 1 1 1 1 0 1 0 1 1 0 1 0 1 1 0 1 0 1 1 0 0 0 1 1 1 1 1 ,0 1 1 3 3 0 0 3 0 1 10 3 1 1 0 
10,0,85,186,218,4630,0.01,0,4,1 1 1 1 1 0 0 1 1 1 1 0 1 0 0 1 1 0 1 0 1 0 1 1 1 0 1 1 1 1 0 1 0 1 1 0 1 0 1 1 0 1 0 1 1 0 0 0 1 1 1 1 1 ,0 1 1 3 3 0 0 3 0 1 10 3 1 1 0 
10,0,85,186,218,4630,0.01,0,4,1 1 1 1 1 0 0 1 1 1 1 0 1 0 0 1 1 0 1 0 1 0 1 1 1 0 1 1 1 1 0 1 0 1 1 0 1 0 1 1 0 1 0 1 1 0 0 0 1 1 1 1 1 ,0 1 1 3 3 0 0 3 0 1 10 3 1 1 0 
10,0,85,186,218,4630,0.01,0,4,1 1 1 1 1 0 0 1 1 1 1 0 1 0 0 1 1 0 1 0 1 0 1 1 1 0 1 1 1 1 0 1 0 1 1 0 1 0 1 1 0 1 0 1 1 0 0 0 1 1 1 1 1 ,0 1 1 3 3 0 0 3 0 1 10 3 1 1 0 
10,0,85,186,218,4630,0.01,0,4,1 1 1 1 1 0 0 1 1 1 1 0 1 0 0 1 1 0 1 0 1 0 1 1 1 0 1 1 1 1 0 1 0 1 1 0 1 0 1 1 0 1 0 1 1 0 0 0 1 1 1 1 1 ,0 1 1 3 3 0 0 3 0 1 10 3 1 1 0 
10,0,85,186,218,4630,0.01,0,4,1 1 1 1 1 0 0 1 1 1 1 0 1 0 0 1 1 0 1 0 1 0 1 1 1 0 1 1 1 1 0 1 0 1 1 0 1 0 1 1 0 1 0 1 1 0 0 0 1 1 1 1 1 ,0 1 1 3 3 0 0 3 0 1 10 3 1 1 0 
10,0,85,186,218,4630,0.01,0,4,1 1 1 1 1 0 0 1 1 1 1 0 1 0 0 1 1 0 1 0 1 0 1 1 1 0 1 1 1 1 0 1 0 1 1 0 1 0 1 1 0 1 0 1 1 0 0 0 1 1 1 1 1 ,0 1 1 3 3 0 0 3 0 1 10 3 1 1 0 
10,0,85,186,218,4630,0.01,0,4,1 1 1 1 1 0 0 1 1 1 1 0 1 0 0 1 1 0 1 0 1 0 1 1 1 0 1 1 1 1 0 1 0 1 1 0 1 0 1 1 0 1 0 1 1 0 0 0 1 1 1 1 1 ,0 1 1 3 3 0 0 3 0 1 10 3 1 1 0 
10,0,85,186,218,4630,0.01,0,4,1 1 1 1 1 0 0 1 1 1 1 0 1 0 0 1 1 0 1 0 1 0 1 1 1 0 1 1 1 1 0 1 0 1 1 0 1 0 1 1 0 1 0 1 1 0 0 0 1 1 1 1 1 ,0 1 1 3 3 0 0 3 0 1 10 3 1 1 0 
10,0,85,186,218,4630,0.01,0,4,1 1 1 1 1 0 0 1 1 1 1 0 1 0 0 1 1 0 1 0 1 0 1 1 1 0 1 1 1 1 0 1 0 1 1 0 1 0 1 1 0 1 0 1 1 0 0 0 1 1 1 1 1 ,0 1 1 3 3 0 0 3 0 1 10 3 1 1 0 
10,0,85,186,218,4630,0.01,0,4,1 1 1 1 1 0 0 1 1 1 1 0 1 0 0 1 1 0 1 0 1 0 1 1 1 0 1 1 1 1 0 1 0 1 1 0 1 0 1 1 0 1 0 1 1 0 0 0 1 1 1 1 1 ,0 1 1 3 3 0 0 3 0 1 10 3 1 1 0 
10,0,85,186,218,4630,0.01,0,4,1 1 1 1 1 0 0 1 1 1 1 0 1 0 0 1 1 0 1 0 1 0 1 1 1 0 1 1 1 1 0 1 0 1 1 0 1 0 1 1 0 1 0 1 1 0 0 0 1 1 1 1 1 ,0 1 1 3 3 0 0 3 0 1 10 3 1 1 0 
10,0,85,186,218,4630,0.01,0,4,1 1 1 1 1 0 0 1 1 1 1 0 1 0 0 1 1 0 1 0 1 0 1 1 1 0 1 1 1 1 0 1 0 1 1 0 1 0 1 1 0 1 0 1 1 0 0 0 1 1 1 1 1 ,0 1 1 3 3 0 0 3 0 1 10 3 1 1 0 
10,0,85,186,218,4630,0.01,0,4,1 1 1 1 1 0 0 1 1 1 1 0 1 0 0 1 1 0 1 0 1 0 1 1 1 0 1 1 1 1 0 1 0 1 1 0 1 0 1 1 0 1 0 1 1 0 0 0 1 1 1 1 1 ,0 1 1 3 3 0 0 3 0 1 10 3 1 1 0 
10,0,85,186,218,4630,0.01,0,4,1 1 1 1 1 0 0 1 1 1 1 0 1 0 0 1 1 0 1 0 1 0 1 1 1 0 1 1 1 1 0 1 0 1 1 0 1 0 1 1 0 1 0 1 1 0 0 0 1 1 1 1 1 ,0 1 1 3 3 0 0 3 0 1 10 3 1 1 0 
10,0,85,186,218,4630,0.01,0,4,1 1 1 1 1 0 0 1 1 1 1 0 1 0 0 1 1 0 1 0 1 0 1 1 1 0 1 1 1 1 0 1 0 1 1 0 1 0 1 1 0 1 0 1 1 0 0 0 1 1 1 1 1 ,0 1 1 3 3 0 0 3 0 1 10 3 1 1 0 
10,0,85,186,218,4630,0.01,0,4,1 1 1 1 1 0 0 1 1 1 1 0 1 0 0 1 1 0 1 0 1 0 1 1 1 0 1 1 1 1 0 1 0 1 1 0 1 0 1 1 0 1 0 1 1 0 0 0 1 1 1 1 1 ,0 1 1 3 3 0 0 3 0 1 10 3 1 1 0 
10,0,85,186,218,4630,0.01,0,4,1 1 1 1 1 0 0 1 1 1 1 0 1 0 0 1 1 0 1 0 1 0 1 1 1 0 1 1 1 1 0 1 0 1 1 0 1 0 1 1 0 1 0 1 1 0 0 0 1 1 1 1 1 ,0 1 1 3 3 0 0 3 0 1 10 3 1 1 0 
10,0,85,186,218,4630,0.01,0,4,1 1 1 1 1 0 0 1 1 1 1 0 1 0 0 1 1 0 1 0 1 0 1 1 1 0 1 1 1 1 0 1 0 1 1 0 1 0 1 1 0 1 0 1 1 0 0 0 1 1 1 1 1 ,0 1 1 3 3 0 0 3 0 1 10 3 1 1 0 
10,0,85,186,218,4630,0.01,0,4,1 1 1 1 1 0 0 1 1 1 1 0 1 0 0 1 1 0 1 0 1 0 1 1 1 0 1 1 1 1 0 1 0 1 1 0 1 0 1 1 0 1 0 1 1 0 0 0 1 1 1 1 1 ,0 1 1 3 3 0 0 3 0 1 10 3 1 1 0 
10,0,85,186,218,4630,0.01,0,4,1 1 1 1 1 0 0 1 1 1 1 0 1 0 0 1 1 0 1 0 1 0 1 1 1 0 1 1 1 1 0 1 0 1 1 0 1 0 1 1 0 1 0 1 1 0 0 0 1 1 1 1 1 ,0 1 1 3 3 0 0 3 0 1 10 3 1 1 0 
10,0,85,186,218,4630,0.01,0,4,1 1 1 1 1 0 0 1 1 1 1 0 1 0 0 1 1 0 1 0 1 0 1 1 1 0 1 1 1 1 0 1 0 1 1 0 1 0 1 1 0 1 0 1 1 0 0 0 1 1 1 1 1 ,0 1 1 3 3 0 0 3 0 1 10 3 1 1 0 
10,0,85,186,218,4630,0.01,0,4,1 1 1 1 1 0 0 1 1 1 1 0 1 0 0 1 1 0 1 0 1 0 1 1 1 0 1 1 1 1 0 1 0 1 1 0 1 0 1 1 0 1 0 1 1 0 0 0 1 1 1 1 1 ,0 1 1 3 3 0 0 3 0 1 10 3 1 1 0 
10,0,85,186,218,4630,0.01,0,4,1 1 1 1 1 0 0 1 1 1 1 0 1 0 0 1 1 0 1 0 1 0 1 1 1 0 1 1 1 1 0 1 0 1 1 0 1 0 1 1 0 1 0 1 1 0 0 0 1 1 1 1 1 ,0 1 1 3 3 0 0 3 0 1 10 3 1 1 0 
10,0,85,186,218,4630,0.01,0,4,1 1 1 1 1 0 0 1 1 1 1 0 1 0 0 1 1 0 1 0 1 0 1 1 1 0 1 1 1 1 0 1 0 1 1 0 1 0 1 1 0 1 0 1 1 0 0 0 1 1 1 1 1 ,0 1 1 3 3 0 0 3 0 1 10 3 1 1 0 
10,0,85,186,218,4630,0.01,0,4,1 1 1 1 1 0 0 1 1 1 1 0 1 0 0 1 1 0 1 0 1 0 1 1 1 0 1 1 1 1 0 1 0 1 1 0 1 0 1 1 0 1 0 1 1 0 0 0 1 1 1 1 1 ,0 1 1 3 3 0 0 3 0 1 10 3 1 1 0 
10,0,85,186,218,4630,0.01,0,4,1 1 1 1 1 0 0 1 1 1 1 0 1 0 0 1 1 0 1 0 1 0 1 1 1 0 1 1 1 1 0 1 0 1 1 0 1 0 1 1 0 1 0 1 1 0 0 0 1 1 1 1 1 ,0 1 1 3 3 0 0 3 0 1 10 3 1 1 0 
10,0,85,186,218,4630,0.01,0,4,1 1 1 1 1 0 0 1 1 1 1 0 1 0 0 1 1 0 1 0 1 0 1 1 1 0 1 1 1 1 0 1 0 1 1 0 1 0 1 1 0 1 0 1 1 0 0 0 1 1 1 1 1 ,0 1 1 3 3 0 0 3 0 1 10 3 1 1 0 
10,0,85,186,218,4630,0.01,0,4,1 1 1 1 1 0 0 1 1 1 1 0 1 0 0 1 1 0 1 0 1 0 1 1 1 0 1 1 1 1 0 1 0 1 1 0 1 0 1 1 0 1 0 1 1 0 0 0 1 1 1 1 1 ,0 1 1 3 3 0 0 3 0 1 10 3 1 1 0 
10,0,85,186,218,4630,0.01,0,4,1 1 1 1 1 0 0 1 1 1 1 0 1 0 0 1 1 0 1 0 1 0 1 1 1 0 1 1 1 1 0 1 0 1 1 0 1 0 1 1 0 1 0 1 1 0 0 0 1 1 1 1 1 ,0 1 1 3 3 0 0 3 0 1 10 3 1 1 0 
10,0,85,186,218,4630,0.01,0,4,1 1 1 1 1 0 0 1 1 1 1 0 1 0 0 1 1 0 1 0 1 0 1 1 1 0 1 1 1 1 0 1 0 1 1 0 1 0 1 1 0 1 0 1 1 0 0 0 1 1 1 1 1 ,0 1 1 3 3 0 0 3 0 1 10 3 1 1 0 
10,0,85,186,218,4630,0.01,0,4,1 1 1 1 1 0 0 1 1 1 1 0 1 0 0 1 1 0 1 0 1 0 1 1 1 0 1 1 1 1 0 1 0 1 1 0 1 0 1 1 0 1 0 1 1 0 0 0 1 1 1 1 1 ,0 1 1 3 3 0 0 3 0 1 10 3 1 1 0 
10,0,85,186,218,4630,0.01,0,4,1 1 1 1 1 0 0 1 1 1 1 0 1 0 0 1 1 0 1 0 1 0 1 1 1 0 1 1 1 1 0 1 0 1 1 0 1 0 1 1 0 1 0 1 1 0 0 0 1 1 1 1 1 ,0 1 1 3 3 0 0 3 0 1 10 3 1 1 0 
10,0,85,186,218,4630,0.01,0,4,1 1 1 1 1 0 0 1 1 1 1 0 1 0 0 1 1 0 1 0 1 0 1 1 1 0 1 1 1 1 0 1 0 1 1 0 1 0 1 1 0 1 0 1 1 0 0 0 1 1 1 1 1 ,0 1 1 3 3 0 0 3 0 1 10 3 1 1 0 
10,0,85,186,218,4630,0.01,0,4,1 1 1 1 1 0 0 1 1 1 1 0 1 0 0 1 1 0 1 0 1 0 1 1 1  1 1 0 ,0 1 1 3 3 0 1 3 0 1 10 3 1 0 0 
9,0,33,200,204,4644,0.01,0,4,1 1 0 1 1 0 0 1 1 0 1 0 1 1 1 1 0 0 1 1 1 0 1 1 1 0 1 1 1 1 1 1 0 1 0 0 1 1 1 1 1 1 0 1 1 0 0 1 1 1 1 1 0 ,0 1 1 3 3 0 1 3 0 1 10 3 1 0 0 
9,0,33,200,204,4644,0.01,0,4,1 1 0 1 1 0 0 1 1 0 1 0 1 1 1 1 0 0 1 1 1 0 1 1 1 0 1 1 1 1 1 1 0 1 0 0 1 1 1 1 1 1 0 1 1 0 0 1 1 1 1 1 0 ,0 1 1 3 3 0 1 3 0 1 10 3 1 0 0 
9,0,33,200,204,4644,0.01,0,4,1 1 0 1 1 0 0 1 1 0 1 0 1 1 1 1 0 0 1 1 1 0 1 1 1 0 1 1 1 1 1 1 0 1 0 0 1 1 1 1 1 1 0 1 1 0 0 1 1 1 1 1 0 ,0 1 1 3 3 0 1 3 0 1 10 3 1 0 0 
9,0,33,200,204,4644,0.01,0,4,1 1 0 1 1 0 0 1 1 0 1 0 1 1 1 1 0 0 1 1 1 0 1 1 1 0 1 1 1 1 1 1 0 1 0 0 1 1 1 1 1 1 0 1 1 0 0 1 1 1 1 1 0 ,0 1 1 3 3 0 1 3 0 1 10 3 1 0 0 
9,0,33,200,204,4644,0.01,0,4,1 1 0 1 1 0 0 1 1 0 1 0 1 1 1 1 0 0 1 1 1 0 1 1 1 0 1 1 1 1 1 1 0 1 0 0 1 1 1 1 1 1 0 1 1 0 0 1 1 1 1 1 0 ,0 1 1 3 3 0 1 3 0 1 10 3 1 0 0 
2 10 1 0 
 1 1 1 1 ,0 1 1 3 3 0 0 3 0 1 10 3 1 1 0 
